,genre,occurence
1259,pop,2484
398,dance pop,1781
1652,trap latino,1542
1376,reggaeton,1278
1319,rap,1008
557,finnish dance pop,968
507,edm,925
1670,tropical house,870
1264,pop dance,847
598,french hip hop,832
566,finnish pop,816
1283,pop urbaine,798
645,german hip hop,764
562,finnish hip hop,733
413,danish pop,721
1718,uk pop,718
1277,pop rap,704
826,italian hip hop,649
715,hip hop,625
1294,post-teen pop,608
937,latin pop,596
934,latin hip hop,584
391,czsk hip hop,573
1639,trap,546
1248,polish hip hop,524
828,italian pop,523
1573,swedish pop,499
1379,reggaeton flow,497
594,francoton,493
490,dutch hip hop,485
410,danish hip hop,457
516,electro house,443
1378,reggaeton colombiano,439
1143,norwegian pop,439
1422,russian hip hop,438
523,electropop,416
1254,polish trap,413
62,arrocha,412
996,mandopop,409
685,greek trap,396
1651,trap italiana,390
878,k-pop,388
610,funk carioca,382
1052,moroccan pop,376
746,icelandic pop,369
494,dutch pop,362
496,dutch rap pop,361
1335,rap conscient,355
383,czech hip hop,347
1567,swedish hip hop,337
214,canadian pop,333
1623,thai pop,329
1342,rap francais,316
1350,rap maroc,316
1580,swedish trap pop,310
1530,southern hip hop,308
1692,turkish pop,300
452,desi pop,298
680,greek hip hop,294
841,j-pop,288
1472,sertanejo universitario,284
1009,melodic rap,284
1641,trap argentino,281
222,cantopop,273
335,colombian pop,273
1743,v-pop,271
1470,sertanejo,252
465,dominican pop,247
1310,r&b,244
68,atl hip hop,242
1596,taiwan pop,241
1037,modern bollywood,241
1553,suomi rock,240
1688,turkish hip hop,235
198,bulgarian pop,232
743,icelandic hip hop,231
1699,turkish trap,230
1566,swedish gangsta rap,222
1471,sertanejo pop,221
542,eurovision,220
1437,russian trap,220
54,argentine hip hop,217
730,house,212
818,israeli pop,206
1301,puerto rican pop,205
1579,swedish trap,204
814,iskelma,203
1568,swedish idol pop,202
553,filmi,199
1271,pop nacional,198
822,italian adult pop,195
52,arabic hip hop,192
1338,rap dominicano,191
1700,turkish trap pop,188
210,canadian hip hop,187
1117,nigerian pop,187
795,indonesian pop,186
1659,trap triste,180
1634,toronto rap,179
679,greek drill,172
1250,polish pop,170
449,dembow,170
1403,romanian trap,169
451,desi hip hop,167
1265,pop edm,164
1499,slovak hip hop,163
84,australian pop,159
1714,uk hip hop,157
1182,opm,157
510,egyptian hip hop,155
1643,trap boricua,154
1709,uk dance,154
651,german pop,153
735,hungarian pop,152
879,k-pop boy group,148
536,estonian pop,148
512,egyptian trap,147
1427,russian pop,147
202,c-pop,145
817,israeli mediterranean,145
1739,urbano espanol,144
381,czech drill,144
683,greek pop,143
1356,rap napoletano,141
1537,spanish pop,141
38,amapiano,139
28,alt z,138
636,gangster rap,131
1351,rap marseille,130
1066,musica mexicana,130
827,italian indie pop,127
880,k-pop girl group,127
1525,south african pop,127
716,hip hop tuga,126
17,afro soul,126
1738,urbano chileno,125
511,egyptian pop,124
1495,slap house,123
1562,swedish drill,121
1737,urban contemporary,121
644,german drill,121
1279,pop reggaeton,118
1022,mexican pop,118
248,chicago rap,117
370,cumbia pop,117
572,finnish trap,115
619,funk pop,114
834,italian underground hip hop,114
1209,panamanian pop,114
721,hk-pop,113
1601,talent show,112
64,art pop,112
1459,scandipop,111
601,french pop,111
20,afropop,109
152,big room,108
698,hamburg hip hop,108
1017,metropopolis,107
1044,modern rock,105
1348,rap latina,104
435,deep german hip hop,104
959,lithuanian pop,103
1159,nueva musica mexicana,102
13,afro dancehall,101
933,latin arena pop,100
617,funk ostentacao,98
24,albanian hip hop,98
1668,tropical,97
1296,progressive electro house,96
591,forro,96
49,arab pop,95
1574,swedish pop rap,94
1260,pop argentino,93
1325,rap belge,93
1284,pop venezolano,92
1304,punjabi pop,92
1386,rock,91
1297,progressive house,91
688,grime,91
205,canadian contemporary r&b,91
236,chalga,90
497,dutch rock,90
140,belgian hip hop,90
196,bulgarian hip hop,89
1740,urbano latino,89
1343,rap genovese,89
390,czsk emo rap,88
1677,turkce drill,88
1025,miami hip hop,87
772,indie poptimism,87
898,khaliji,87
1617,thai hip hop,87
1412,russian dance,87
1141,norwegian indie,86
1178,old school rap francais,86
1771,viral pop,86
341,conscious hip hop,85
541,europop,84
534,estonian hip hop,84
1620,thai indie pop,82
595,frauenrap,82
42,anime,80
1599,taiwan singer-songwriter,80
1289,portuguese pop,79
1197,pagode baiano,79
733,hungarian hip hop,78
642,german cloud rap,77
1761,vietnamese hip hop,77
1144,norwegian pop rap,76
718,hip pop,76
1313,r&b en espanol,76
643,german dance,75
616,funk mtg,75
320,classic swedish pop,73
618,funk paulista,72
1029,milan indie,72
882,k-rap,72
1410,russelater,72
1383,rif,71
1401,romanian pop,70
847,j-rock,69
1280,pop rock,69
1415,russian drill,69
1244,polish alternative rap,68
988,malaysian pop,68
1445,sad sierreno,68
1109,new school turkce rap,67
781,indie viet,67
1167,nz pop,67
401,dancehall,66
661,german trap,65
76,australian dance,65
122,basshall,65
1116,nigerian hip hop,65
1121,nordic house,64
169,boy band,64
1773,viral rap,63
69,atl trap,63
142,belgian pop,62
980,mahraganat,61
1404,rome indie,61
1203,pakistani pop,61
593,fotbollslatar,61
1365,rap tunisien,61
1764,vietnamese singer-songwriter,60
1033,mizrahi,60
1563,swedish electropop,59
1682,turkish alt pop,59
1402,romanian rap,59
1089,neo mellow,59
940,latin viral pop,58
21,afroswing,58
890,kazakh hip hop,58
945,latvian pop,58
1361,rap sardegna,58
1411,russian alt pop,57
1788,west coast rap,57
479,drill francais,57
1503,slovak trap,57
1730,ukrainian pop,57
1389,rock en espanol,57
139,belgian edm,57
1647,trap chileno,56
345,corrido,56
863,japanese teen pop,56
1660,trap tuga,55
526,emo rap,55
979,magyar trap,55
992,mambo chileno,55
744,icelandic indie,54
517,electro latino,54
98,azontobeats,53
1696,turkish rock,53
1377,reggaeton chileno,53
1316,rai,52
1483,sierreno,52
385,czech pop,52
99,bachata,52
1049,moombahton,51
201,bulgarian trap,51
297,classic icelandic pop,51
1414,russian drain,51
1735,underground hip hop,50
1644,trap brasileiro,50
455,detroit hip hop,50
458,dfw rap,49
489,dutch edm,48
1214,perreo,48
1131,north carolina hip hop,48
1247,polish electronica,48
587,folk-pop,47
815,israeli hip hop,47
43,anime rock,47
1276,pop r&b,47
1627,thai trap,47
1308,queens hip hop,47
576,flamenco urbano,47
1418,russian emo rap,47
1005,melodic drill,46
364,cumbia 420,46
1129,norteno,46
342,contemporary country,46
932,latin alternative,46
957,lithuanian hip hop,46
190,brostep,46
1593,taiwan hip hop,45
750,icelandic singer-songwriter,45
1621,thai indie rock,45
1762,vietnamese melodic rap,45
1195,pacific islands pop,45
724,hollywood,45
1168,nz reggae,45
892,kazakh pop,45
1201,pakistani hip hop,45
1595,taiwan indie,45
1295,previa,44
348,country,44
611,funk consciente,44
741,icelandic electronic,44
265,chinese indie,44
928,laiko,44
109,banda,43
997,manele,43
1653,trap maroc,43
290,classic danish pop,42
63,arrochadeira,42
521,electronic trap,42
270,chinese r&b,42
1139,norwegian hip hop,42
844,j-poprock,42
478,drill espanol,42
1303,punjabi hip hop,41
1476,sheilat,41
453,desi trap,41
1500,slovak pop,41
491,dutch house,41
1649,trap dominicano,41
1224,pinoy hip hop,41
97,azonto,41
1486,singaporean pop,40
396,dakke dak,40
1749,vapor trap,40
968,london rap,40
1216,persian pop,40
1575,swedish reggae,40
662,german underground rap,39
438,deep house,39
916,korean r&b,39
459,dirty south rap,39
1318,ranchera,38
1485,singaporean mandopop,38
800,indonesian singer-songwriter,38
981,mainland chinese pop,38
172,brazilian hip hop,37
897,khaleeji iraqi,37
1091,neo soul,37
347,corridos tumbados,37
783,indietronica,37
919,kosovan pop,37
749,icelandic rock,37
713,hindi hip hop,37
1592,tagalog rap,37
961,lithuanian trap,36
668,girl group,36
394,czsk viral pop,36
769,indie liguria,36
301,classic italian pop,35
1320,rap algerien,35
1213,permanent wave,35
811,irish pop,35
1708,uk contemporary r&b,35
432,deep euro house,34
1685,turkish deep house,34
1650,trap funk,34
1270,pop lgbtq+ brasileira,34
1373,reggae fusion,34
502,east coast hip hop,34
1243,polish alternative,33
1281,pop soul,33
939,latin talent show,33
1219,philly rap,33
1196,pagode,33
1328,rap canario,32
203,cali rap,32
362,cubaton,32
915,korean pop,32
78,australian hip hop,31
1221,piano rock,31
1420,russian gangster rap,31
1658,trap soul,31
177,brega funk,31
1657,trap queen,31
105,balkan trap,31
860,japanese singer-songwriter,29
437,deep groove house,29
45,antilliaanse rap,29
188,brooklyn drill,29
1087,nederreggae,29
1336,rap criolo,28
234,central asian hip hop,28
1554,suomirap,28
1202,pakistani indie,28
599,french indie pop,28
793,indonesian jazz,28
1119,ninja,28
299,classic iskelma,28
1533,spanish hip hop,28
1474,shaabi,28
352,country road,28
1035,modern alternative rock,28
219,candy pop,28
6,adult standards,28
509,egyptian alternative,28
217,canadian trap,28
184,british soul,28
1732,ukrainian rock,28
1636,trance,27
538,etherpop,27
999,mariachi,27
476,drill chileno,27
339,complextro,27
134,belarusian hip hop,27
137,belgian dance,27
791,indonesian indie,26
770,indie pop,26
938,latin rock,26
1004,mellow gold,26
313,classic rock,26
25,albanian pop,26
1640,trap antillais,26
943,latvian hip hop,26
1458,scandinavian r&b,26
1421,russian grime,26
1733,ukrainian viral pop,26
1487,singaporean singer-songwriter,25
631,gaita zuliana,25
1103,new french touch,25
1106,new orleans rap,25
125,batidao romantico,25
1286,pop virale italiano,25
829,italian pop rock,25
1538,spanish pop rock,25
80,australian indie,25
1278,pop rap brasileiro,24
1550,sufi,24
925,la pop,24
950,lgbtq+ hip hop,24
408,danish electronic,24
324,classic venezuelan pop,24
608,funk 150 bpm,24
759,indian instrumental,23
73,aussietronica,23
1312,r&b brasileiro,23
466,downtempo,23
1385,rkt,23
1523,south african house,23
277,christlicher rap,23
1509,soft rock,23
77,australian electropop,23
742,icelandic folk,23
1003,melbourne bounce international,23
836,j-acoustic,23
1012,memphis hip hop,23
1697,turkish singer-songwriter,23
821,israeli trap,22
1626,thai teen pop,22
1045,modern salsa,22
1605,tamil pop,22
238,champeta,22
1713,uk funky,22
1710,uk dancehall,22
775,indie rock italiano,22
1068,musica popular colombiana,22
145,belly dance,22
709,haryanvi pop,22
447,deep turkish pop,22
1441,russian viral rap,22
1744,vallenato,22
112,barbadian pop,22
558,finnish drill,21
1561,swedish dancehall,21
376,cumbia villera,21
771,indie pop rap,21
1255,polish viral rap,21
1229,pinoy r&b,21
579,florida rap,21
1311,r&b argentino,21
554,filter house,21
640,german alternative rap,21
260,chill r&b,21
1269,pop house,21
983,malay rap,21
308,classic norwegian pop,20
119,bases de freestyle,20
969,lounge,20
446,deep tropical house,20
1604,tamil hip hop,20
271,chinese singer-songwriter,20
121,bass trap,20
540,eurodance,19
1625,thai rock,19
1393,rock viet,19
1684,turkish alternative rock,19
393,czsk reggae,19
57,argentine rock,19
1728,ukrainian hip hop,19
1327,rap calme,19
1321,rap angolano,19
1161,nyc rap,19
1578,swedish synthpop,19
480,drill italiana,19
628,g funk,19
1240,pluggnb,19
1151,nova mpb,19
1765,vietnamese trap,19
1754,venezuelan hip hop,19
132,bedroom pop,19
639,gen z singer-songwriter,19
638,gauze pop,18
592,forro de favela,18
414,danish pop rock,18
482,drum and bass,18
531,escape room,18
1751,variete francaise,18
696,gulf hip hop,18
1133,north moroccan rap,18
570,finnish reggae,18
27,album rock,18
871,jewish pop,18
272,chinese viral pop,18
461,disco house,18
514,electro,18
1231,pinoy rock,18
400,dancefloor dnb,18
147,bergamo indie,18
669,glam rock,17
987,malaysian mandopop,17
901,kizomba,17
51,arabesk,17
334,colombian hip hop,17
1798,zhongguo feng,17
1370,rave funk,17
1545,stomp and holler,17
302,classic j-pop,17
1481,show tunes,17
1522,south african hip hop,16
918,korean underground rap,16
1642,trap baiano,16
629,g-house,16
1661,trap venezolano,16
32,alternative dance,16
695,gujarati pop,16
1010,melodipop,16
609,funk bh,16
798,indonesian r&b,16
95,axe,16
72,aussie drill,16
1339,rap espanol,16
1678,turkce kadin rap,16
1446,salsa,16
1097,neoperreo,16
1467,seattle hip hop,16
281,classic arab pop,16
659,german techno,16
665,ghanaian hip hop,16
707,hare krishna,16
291,classic finnish pop,16
220,cantautor,15
1268,pop flamenco,15
1508,social media pop,15
613,funk mandelao,15
612,funk das antigas,15
732,hungarian edm,15
1564,swedish eurodance,15
725,hong kong hip hop,15
1146,norwegian singer-songwriter,15
758,indian indie,15
65,art rock,15
1672,trot,15
1273,pop peruano,15
1249,polish indie,15
36,alternative r&b,15
30,alte,15
849,jamaican dancehall,15
1235,piseiro,15
363,cumbia,14
1571,swedish indie rock,14
869,jazz pop,14
388,czech rock,14
976,magyar alternative,14
1675,turbo folk,14
994,manchester hip hop,14
1417,russian electronic,14
1124,nordnorsk musikk,14
354,covertronica,14
1020,mexican hip hop,14
1712,uk drill,14
731,houston rap,14
34,alternative metal,14
1645,trap carioca,14
1797,zhenskiy rep,14
1793,yakut pop,14
1002,melbourne bounce,14
1722,ukg revival,14
567,finnish pop punk,14
1646,trap catala,13
1781,vocal house,13
1170,oakland hip hop,13
1147,norwegian trap,13
852,japanese alternative rock,13
656,german singer-songwriter,13
200,bulgarian rock,13
986,malaysian indie,13
788,indonesian folk pop,13
1632,tollywood,13
1618,thai idol,13
474,drill,13
1756,venezuelan rock,13
492,dutch indie,13
891,kazakh indie,13
1226,pinoy indie,13
1105,new jersey rap,13
1094,neo-singer-songwriter,13
1112,new wave pop,13
1734,underground amapiano,13
1233,pinoy trap,13
1236,pittsburgh rap,13
726,hong kong indie,13
1375,reggae tuga,13
893,kentucky hip hop,13
571,finnish soul,13
1581,swedish tropical house,12
653,german r&b,12
305,classic malaysian pop,12
686,greek underground rap,12
1528,south african trap,12
1786,wave,12
1160,nyc pop,12
1777,visual kei,12
532,estonian electronic,12
1444,sad rap,12
1043,modern reggae,12
1552,sunnlensk tonlist,12
855,japanese emo,12
537,estonian rock,12
33,alternative hip hop,12
837,j-division,12
1330,rap catala,12
1686,turkish edm,12
427,dark trap,12
89,australian talent show,12
819,israeli rock,12
1663,traprun,12
789,indonesian hip hop,12
1407,rumba,12
1239,plugg,12
973,macedonian folk,11
245,chicago drill,11
503,easy listening,11
813,irish singer-songwriter,11
1055,mpb,11
499,dutch trance,11
421,danspunk,11
444,deep talent show,11
835,italo dance,11
1323,rap baiano,11
862,japanese soul,11
16,afro r&b,11
1047,moldovan pop,11
1042,modern indie pop,11
923,kyrgyz hip hop,11
343,contemporary r&b,11
46,arab alternative,11
161,bolobedu house,11
153,birmingham grime,11
797,indonesian pop rock,11
904,kleinkunst,11
606,funana,11
229,cdo indie,11
1475,sheffield indie,11
124,batida,11
311,classic pakistani pop,11
1390,rock kapak,11
1790,world,10
1558,swedish alternative rock,10
714,hindi indie,10
877,k-indie,10
263,chinese electropop,10
1648,trap colombiano,10
831,italian reggae,10
58,argentine telepop,10
171,brazilian edm,10
1054,movie tunes,10
1654,trap metal italiana,10
888,kasi rap,10
1488,singer-songwriter,10
1171,ohio hip hop,10
475,drill brasileiro,10
1198,pagode novo,10
473,drift phonk,10
487,dutch cabaret,10
621,funk viral,10
1331,rap cearense,10
358,crunk,10
626,future house,10
300,classic israeli pop,10
522,electronica,10
637,garage rock,10
403,dancehall queen,10
634,gaming dubstep,10
635,gaming edm,10
1211,paraguayan rock,10
527,emo rap italiano,10
1514,soul,10
448,deep underground hip hop,9
738,hyperpop,9
842,j-pop boy group,9
787,indonesian folk,9
886,karadeniz pop,9
985,malaysian hip hop,9
464,dmv rap,9
1024,mgpjr,9
766,indie folk,9
1322,rap antillais,9
1166,nz hip hop,9
350,country pop,9
620,funk rj,9
159,blues rock,9
774,indie rock,9
1058,musica angolana,9
840,j-pixie,9
1526,south african pop dance,9
607,funk,9
1362,rap siciliano,9
807,instrumental grime,9
114,barnemusikk,9
820,israeli singer-songwriter,9
1384,ritmo kombina,9
704,hardcore hip hop,9
284,classic bollywood,9
386,czech pop rock,9
240,channel pop,9
796,indonesian pop punk,9
1477,shimmer pop,9
160,bolero,8
90,australian trap,8
104,balkan hip hop,8
765,indie electropop,8
100,bachata dominicana,8
1423,russian hyperpop,8
803,industrial metal,8
1353,rap mineiro,8
804,industrial rock,8
1400,romanian house,8
802,industrial,8
603,french rock,8
583,folk brasileiro,8
1745,vallenato moderno,8
585,folk rock,8
55,argentine indie,8
1680,turkce slow sarkilar,8
131,beatlesque,8
1332,rap chileno,8
1628,thai viral pop,8
917,korean trap,8
1502,slovak rock,8
1577,swedish soul,8
663,german viral rap,8
674,gothenburg hip hop,8
1262,pop chileno,8
323,classic uk pop,8
650,german metal,8
1038,modern country rock,8
19,afrofuturismo brasileiro,8
1309,quiet storm,8
1590,syrian pop,8
1591,t-pop girl group,8
1600,taiwanese indie,8
1570,swedish indie pop,8
286,classic cantopop,8
1449,salsa peruana,8
1758,video game music,8
1099,neue deutsche harte,8
1527,south african r&b,8
1272,pop paraguayo,8
1032,mississippi hip hop,8
1314,r&b italiano,8
1542,speedrun,8
1614,thai folk,8
1031,minnesota hip hop,8
889,kavkaz,7
1274,pop punk,7
4,acoustic opm,7
493,dutch indie rock,7
500,dutch trap,7
495,dutch r&b,7
66,asian american hip hop,7
5,acoustic pop,7
1750,vapor twitch,7
488,dutch drill,7
926,lagu jawa,7
1232,pinoy singer-songwriter,7
93,austrian pop,7
460,disco,7
1748,vapor soul,7
441,deep pop edm,7
565,finnish metal,7
564,finnish indie,7
866,javanese dangdut,7
924,la indie,7
18,afrofuturism,7
44,antideutsche,7
485,dutch americana,7
1741,urbano mexicano,7
1333,rap conciencia,7
409,danish electropop,7
693,gruperas inmortales,7
1413,russian dance pop,7
1440,russian viral pop,7
306,classic mandopop,7
241,chanson,7
762,indian singer-songwriter,7
175,brazilian rock,7
178,brega romantico,7
1478,shiver pop,7
1629,thai worship,7
141,belgian indie,7
1447,salsa choke,7
316,classic russian rock,7
193,bubblegum dance,7
1145,norwegian rock,7
1148,nottingham hip hop,7
1597,taiwan punk,7
773,indie r&b,7
736,hungarian rock,7
1416,russian edm,7
120,bass house,7
1518,south african alternative,7
1687,turkish folk,7
1085,nederlandse hardstyle,7
681,greek house,7
970,lovers rock,7
399,dance rock,7
292,classic finnish rock,7
1137,norwegian country,7
914,korean ost,6
1263,pop costarricense,6
1784,volkspop,6
1576,swedish singer-songwriter,6
1125,nordnorsk rap,6
1546,stomp pop,6
1484,singaporean hip hop,6
1517,soundtrack,6
1095,neo-synthpop,6
1246,polish drill,6
1584,swiss hip hop,6
1461,schweizer rap,6
1782,vocal jazz,6
1372,reggae en espanol,6
1585,swiss indie,6
1666,trip hop,6
1705,uk alternative hip hop,6
1212,partyschlager,6
1371,reggae,6
956,lithuanian electronic,6
955,lithuanian edm,6
1729,ukrainian indie,6
1683,turkish alternative,6
1399,romanian electronic,6
1405,roots reggae,6
944,latvian indie,6
1662,traphall,6
1455,sami,6
1185,orchestral soundtrack,6
1173,okinawan pop,6
1430,russian punk,6
1228,pinoy pop punk,6
1434,russian rock,6
1443,sad lo-fi,6
958,lithuanian indie,6
1612,tennessee hip hop,6
1609,tekk,6
1602,talentkonkurranse,6
1624,thai pop rap,6
1801,zxc,6
382,czech folk,6
539,euphoric hardstyle,6
854,japanese electropop,6
375,cumbia uruguaya,6
843,j-pop girl group,6
838,j-idol,6
454,destroy techno,6
675,gothenburg indie,6
110,bandung indie,6
368,cumbia paraguaya,6
366,cumbia boliviana,6
703,hard rock,6
133,bedroom soul,6
418,dansband,6
778,indie soul,6
654,german reggae,6
763,indie anthem-folk,6
757,indian fusion,6
136,belarusian pop,6
652,german pop rock,6
180,brill building pop,6
600,french indietronica,6
94,austropop,6
96,azeri rap,6
858,japanese punk rock,6
150,bhangra,6
416,danish rock,6
407,danish alternative rock,6
207,canadian electronic,5
367,cumbia chilena,5
799,indonesian rock,5
1706,uk alternative pop,5
1282,pop teen brasileiro,5
506,ecuadorian pop,5
208,canadian electropop,5
1034,modern alternative pop,5
249,chicano rap,5
794,indonesian lo-fi pop,5
1156,nu metal,5
960,lithuanian rock,5
158,black americana,5
1544,st louis rap,5
1433,russian reggae,5
1070,musica santomense,5
224,carnaval,5
1513,sophisti-pop,5
519,electro-pop francais,5
1395,rockabilly,5
314,classic romanian pop,5
1230,pinoy reggae,5
191,bruneian pop,5
555,finnish alternative rock,5
74,australian alternative pop,5
563,finnish idol pop,5
1150,nouvelle chanson francaise,5
655,german rock,5
336,colombian rock,5
199,bulgarian r&b,5
1307,qawwali,5
1021,mexican indie,5
666,ghanaian pop,5
360,cuarteto,5
779,indie surf,5
404,dangdut,5
1747,vapor pop,5
535,estonian indie,5
902,kizomba antigas,5
288,classic colombian pop,5
1183,orchestra,5
692,grupera,5
1107,new rave,5
920,kurdish hip hop,5
1110,new wave,5
1181,operatic pop,5
1345,rap inde,5
126,baton rouge rap,5
1491,ska argentino,5
415,danish post-punk,5
717,hip house,5
839,j-indie,5
1366,rap uliczny,5
1394,rock-and-roll,5
1493,skansk musik,5
1108,new romantic,5
1128,norske viser,5
419,danseband,5
907,kollywood,5
258,chill drill,5
1715,uk house,5
1655,trap mexicano,5
946,laulaja-lauluntekija,5
1315,radio symphony,5
903,kizomba cabo-verdiana,5
469,dream pop,5
1122,nordic orchestra,5
710,hawaiian hip hop,4
1451,salsa urbana,4
1062,musica chihuahuense,4
569,finnish punk,4
182,british indie rock,4
1157,nu-cumbia,4
1014,metal,4
1457,sandalwood,4
1013,merengue,4
1057,mundart,4
1074,musiikkia lapsille,4
887,karadeniz turkuleri,4
1200,pakistani folk,4
1454,samba reggae,4
1460,schlager,4
1190,oulu metal,4
1432,russian rave,4
1072,musica triste brasileira,4
1431,russian punk rock,4
166,boston hip hop,4
264,chinese hip hop,4
154,birmingham hip hop,4
1113,new weird finland,4
1529,south carolina hip hop,4
1711,uk dnb,4
168,bow pop,4
1053,motown,4
1557,surinamese pop,4
1637,trancecore,4
1425,russian indie rock,4
143,belgian rock,4
162,boom bap espanol,4
690,groove room,4
405,dangdut koplo,4
1759,viet lo-fi,4
1292,post-punk argentina,4
701,happy hardcore,4
1594,taiwan idol pop,4
259,chill pop,4
1674,tunisian pop,4
470,dream smp,4
295,classic hardstyle,4
442,deep rai,4
1774,viral trap,4
1775,virgin islands reggae,4
1126,norrlandsk hip hop,4
233,celtic rock,4
1776,virginia hip hop,4
1337,rap df,4
677,gqom,4
1681,turkce trap metal,4
15,afro house,4
859,japanese r&b,4
1355,rap motywacja,4
552,fidget house,4
1480,sholawat,4
330,classify,4
1448,salsa colombiana,4
1469,semba,4
289,classic czech pop,4
551,festigal,4
1560,swedish country,4
61,armenian pop,4
777,indie siciliano,4
7,aesthetic rap,4
1792,yacht rock,4
784,indonesian alternative rock,4
1359,rap rock,4
780,indie triste,4
806,instrumental funk,4
1757,veracruz indie,4
524,electropowerpop,4
525,emo,4
646,german house,3
1439,russian underground rap,3
1438,russian trap metal,3
144,belgian singer-songwriter,3
678,graz indie,3
135,belarusian indie,3
333,cologne indie,3
1669,tropical alternativo,3
1679,turkce remix,3
1676,turin indie,3
332,cologne hip hop,3
1138,norwegian folk rock,3
1615,thai folk pop,3
1172,okinawan folk,3
261,chinderlieder,3
1287,porro,3
498,dutch singer-songwriter,3
481,drill tuga,3
1589,synthpop,3
1587,swiss reggae,3
369,cumbia peruana,3
1326,rap boricua,3
440,deep neofolk,3
1329,rap capixaba,3
434,deep funk ostentacao,3
1548,sudanese hip hop,3
1549,sudanese pop,3
1572,swedish jazz,3
425,dark pop,3
243,chanson virale,3
423,dark clubbing,3
1358,rap portuense,3
247,chicago indie,3
1367,rap underground argentino,3
1369,rap uruguayo,3
1380,reggaeton mexicano,3
513,el paso indie,3
529,emo trap italiana,3
1174,oklahoma country,3
533,estonian folk,3
1436,russian synthpop,3
1180,oldschool deutschrap,3
1186,orebro indie,3
1192,oyun havasi,3
164,bossa nova,3
1199,pakistani electronic,3
588,folklore argentino,3
1220,phonk,3
1225,pinoy idol pop,3
573,flamenco,3
1237,pixie,3
1238,plena uruguaya,3
186,broadway,3
1539,spanish rock,3
1619,thai indie,3
1616,thai folk rock,3
684,greek swing,3
1257,polynesian hip hop,3
1541,sped up,3
545,experimental pop,3
1266,pop electronico,3
682,greek indie,3
1504,slovenian pop,3
23,alabama rap,3
86,australian r&b,3
947,lebanese pop,3
739,hyphy,3
1036,modern blues rock,3
737,huzunlu sarkilar,3
734,hungarian indie,3
728,hong kong tv drama,3
727,hong kong rock,3
848,jalsat,3
1716,uk melodic rap,3
722,hokkaido indie,3
850,jamaican hip hop,3
711,heartland rock,3
1060,musica capixaba,3
1061,musica catalana,3
927,lagu sabahan,3
949,levenslied,3
953,lilith,3
867,jawaiian,3
823,italian alternative,3
1000,melancholia,3
71,auckland indie,3
75,australian country,3
785,indonesian city pop,3
312,classic polish pop,3
41,anadolu rock,3
1731,ukrainian post-punk,3
1755,venezuelan indie,3
39,ambient pop,3
808,iraqi hip hop,3
1479,shoegaze,3
754,indian edm,3
1023,mexican rock,3
812,irish rock,3
816,israeli indie,3
857,japanese pop rap,3
60,armenian hip hop,3
1690,turkish jazz,3
1691,turkish modern jazz,3
900,kiwi rock,3
1689,turkish instrumental,3
1494,sky room,3
1510,solo wave,3
1114,new york drill,3
702,hard bass,3
876,junior eurovision,3
1507,soca,3
913,korean old school hip hop,3
1104,new jack swing,3
963,lo-fi chill,2
1291,post-grunge,2
212,canadian latin,2
1559,swedish americana,2
1598,taiwan rock,2
1288,portland hip hop,2
1354,rap montrealais,2
1515,soul flow,2
216,canadian singer-songwriter,2
1298,psychedelic hip hop,2
810,irish hip hop,2
1501,slovak punk,2
221,canto popular uruguayo,2
873,josei rap,2
477,drill dominicano,2
824,italian disco,2
1795,yemeni pop,2
215,canadian rock,2
972,lund indie,2
253,children's music,2
50,arab trap,2
1742,uzbek pop,2
56,argentine reggae,2
544,experimental house,2
1388,rock andaluz,2
543,experimental,2
1473,sgija,2
1267,pop emo,2
315,classic russian pop,2
387,czech punk,2
379,cypriot pop,2
1608,teen pop,2
37,alternative rock,2
392,czsk hyperpop,2
528,emo trap en espanol,2
1607,tech house,2
285,classic canadian rock,2
279,circuit,2
40,american folk revival,2
974,macedonian hip hop,2
395,dabke,2
1603,tallava,2
1588,swiss trap,2
298,classic indonesian rock,2
825,italian electronica,2
252,children's choir,2
1396,roda de samba,2
231,celtic,2
1334,rap congolais,2
931,latin afrobeat,2
929,lapland hip hop,2
11,afrikaans,2
851,japanese alternative pop,2
428,deboxe,2
244,chicago bop,2
853,japanese dance pop,2
1783,vocaloid,2
1778,vlaamse kinderliedje,2
1398,rogaland musikk,2
1779,vlaamse rap,2
1511,solomon islands pop,2
1346,rap ivoire,2
1347,rap kreyol,2
12,afrikaans hip hop,2
1349,rap lyonnais,2
1569,swedish indie folk,2
420,dansktop,2
1352,rap metal,2
1787,weirdcore,2
1364,rap tuga underground,2
296,classic hungarian pop,2
230,cello,2
948,leipzig electronic,2
225,carnaval cadiz,2
463,disney,2
251,chihuahua indie,2
462,discofox,2
1406,roots rock,2
371,cumbia ranchera,2
456,detroit trap,2
294,classic greek pop,2
283,classic bhangra,2
1582,swedish underground rap,2
282,classic belgian pop,2
372,cumbia salvadorena,2
1489,sinhala indie,2
1324,rap baixada fluminense,2
357,cruise,2
1789,women's music,2
905,klubowe,2
846,j-rap,2
439,deep minimal techno,2
9,afghan rap,2
687,greenlandic pop,2
1419,russian folk rock,2
1613,texas country,2
1656,trap pesado,2
106,balochi pop,2
1079,muziek voor kinderen,2
1077,musique urbaine kinshasa,2
1452,salsa venezolana,2
649,german jazz rap,2
337,comedy rap,2
1162,nz christian,2
1075,musique comorienne,2
1073,musical advocacy,2
647,german indie,2
338,comic,2
1707,uk americana,2
630,gabba,2
1719,uk pop punk,2
1175,old school atlanta hip hop,2
1059,musica canaria,2
268,chinese melodic rap,2
1179,old school thrash,2
625,future garage,2
269,chinese minyao,2
1435,russian ska,2
340,concurso de talentos argentino,2
87,australian reggae fusion,2
1040,modern funk,2
1039,modern folk rock,2
1194,p-pop,2
1155,nu jazz,2
1154,nu disco,2
1081,nantes indie,2
1082,narco rap,2
118,baroque pop,2
123,bassline,2
116,barnsagor,2
115,barnmusik,2
694,guaracha,2
113,barnalog,2
1100,new americana,2
127,battle rap,2
331,cloud rap francais,2
129,bboy,2
700,hands up,2
1693,turkish psych,2
130,beatboxing,2
380,czech alternative rap,2
1092,neo-classical,2
670,glasgow indie,2
1534,spanish indie pop,2
705,hardcore techno,2
1086,nederpop,2
664,ghanaian alternative,2
108,baltic post-punk,2
1667,trondersk musikk,2
657,german soundtrack,2
107,baltic folk,2
1149,nottingham indie,2
615,funk metal,2
729,horror punk,2
1462,scottish indie rock,2
321,classic thai pop,2
1630,thrash metal,2
181,brisbane indie,2
753,igbo pop,2
1721,uk tech house,2
578,florida drill,2
349,country dawn,2
575,flamenco guitar,2
185,britpop,2
1234,piratenmuziek,2
1727,ukrainian folk rock,2
1018,mexican classic rock,2
83,australian indigenous,2
1633,toronto indie,2
568,finnish post-punk,2
82,australian indie rock,2
351,country rap,2
353,country rock,2
1011,meme rap,2
1245,polish alternative rock,2
81,australian indie folk,2
192,bubblegrunge,2
194,bubblegum pop,2
1115,nice indie,2
768,indie hip hop,2
1223,pinoy alternative rap,2
671,glitchcore,2
346,corridos alternativos,2
1205,palestinian alternative,2
1207,palestinian pop,2
1428,russian pop punk,2
1208,palestinian traditional,2
1638,transpop,2
596,freeform hardcore,2
1028,middle east hip hop,2
589,folklore paraguayo,2
1215,persian hip hop,2
1206,palestinian hip hop,2
1429,russian post-punk,2
1030,minimal tech house,2
176,breaks,2
1426,russian metal,2
605,french synthpop,2
1506,smooth jazz,1
1521,south african gospel,1
1520,south african deep house,1
1540,spanish synthpop,1
276,christian pop,1
1519,south african choral,1
1512,son cubano,1
1551,sung poetry,1
256,chilean rock,1
1535,spanish new wave,1
275,christian music,1
278,chutney,1
280,city pop,1
1543,spirituals,1
1547,streektaal,1
273,choral,1
257,chill baile,1
267,chinese jazz,1
266,chinese indie rock,1
1531,southern soul,1
1516,soulful house,1
1532,sovietwave,1
274,christian alternative rock,1
262,chinese drama ost,1
1524,south african jazz,1
1536,spanish noise pop,1
885,kansas city hip hop,1
255,chilean indie,1
47,arab electronic,1
1746,vancouver indie,1
53,arabic jazz,1
59,armenian folk,1
67,assamese pop,1
70,atlanta bass,1
1736,uppsala indie,1
79,australian house,1
85,australian psych,1
1726,ukrainian folk pop,1
1725,ukrainian edm,1
1724,ukrainian classical,1
1723,ukrainian alternative rock,1
1720,uk reggae,1
1717,uk metalcore,1
88,australian rock,1
91,austrian hip hop,1
92,austrian indie,1
101,baglama,1
102,balearic,1
1704,uae indie,1
1703,twee pop,1
1702,tvog,1
1701,turntablism,1
103,balkan beats,1
1698,turkish soundtrack,1
48,arab folk,1
1752,vegas indie,1
254,chilean hardcore,1
1753,venda pop,1
1800,zouk riddim,1
1799,zouglou,1
2,acoustic chill,1
3,acoustic cover,1
1796,yodeling,1
1794,ye ye,1
1791,worship,1
8,afghan pop,1
10,african electronic,1
1785,waiata maori,1
14,afro drill,1
1780,vocal harmony group,1
22,ai,1
1772,viral pop brasileiro,1
1770,violin,1
1769,violao,1
1768,vintage tollywood,1
1767,vintage swedish pop,1
1766,viking folk,1
26,alberta hip hop,1
29,alt-idol,1
1763,vietnamese pop,1
31,alternative country,1
35,alternative pop rock,1
1760,vietnamese bolero,1
1695,turkish reggae,1
1694,turkish punk,1
111,bangladeshi hip hop,1
117,baroque,1
1611,telugu indie,1
1610,telugu folk,1
204,cameroonian pop,1
1606,tatar pop,1
206,canadian country,1
209,canadian folk,1
211,canadian indie,1
213,canadian old school hip hop,1
218,cancion melodica,1
223,cape town indie,1
1586,swiss pop,1
226,carnaval limburg,1
1583,swing,1
227,cartoon,1
228,ccm,1
232,celtic punk,1
235,chaabi marocain,1
237,chamber pop,1
239,channel islands indie,1
242,chanson humoristique,1
246,chicago house,1
1565,swedish folk pop,1
250,chicha,1
1556,surf punk,1
1555,super eurobeat,1
197,bulgarian indie,1
195,bulgarian electronic,1
1622,thai instrumental,1
156,birmingham metal,1
128,bayerischer rap,1
1673,trova,1
1671,tropicalia,1
1665,trinibad,1
1664,tribal house,1
138,belgian dnb,1
146,belo horizonte indie,1
148,bergen indie,1
149,bernu dziesmas,1
151,big beat,1
155,birmingham indie,1
157,bisaya rap,1
189,brooklyn indie,1
163,bornesange,1
1505,slow game,1
167,boston indie,1
170,brazilian bass,1
173,brazilian house,1
174,brazilian reggae,1
1635,traditional country,1
179,brighton indie,1
1631,tin pan alley,1
183,british singer-songwriter,1
187,bronx hip hop,1
165,bossbeat,1
424,dark disco,1
287,classic city pop,1
1056,mumbai indie,1
1064,musica costena,1
1065,musica llanera,1
1067,musica nicaraguense,1
708,harlem hip hop,1
1069,musica portuguesa contemporanea,1
1071,musica tradicional cubana,1
1076,musique mahoraise,1
1078,muzica moldoveneasca,1
1080,naija worship,1
1083,narodna muzika,1
1084,ndombolo,1
706,hardstyle,1
1088,neo classical metal,1
1090,neo r&b,1
1093,neo-psychedelic,1
1063,musica costarricense,1
712,high vibe,1
1498,slovak electronic,1
719,historically informed performance,1
752,idol kayo,1
751,idol,1
1026,microtonal,1
1027,middle earth,1
748,icelandic punk,1
747,icelandic post-punk,1
745,icelandic jazz,1
740,icelandic classical,1
1041,modern hard rock,1
723,hokkien pop,1
1046,moderne ludovky,1
1048,mollywood,1
720,hjemmesnekk,1
1050,morelos indie,1
1051,morna,1
1096,neon pop punk,1
699,hamburg indie,1
1098,nerdcore brasileiro,1
697,gypsy punk,1
667,ghazal,1
1142,norwegian jazz,1
660,german trance,1
658,german tech house,1
1152,nova musica paulista,1
1153,nova musica pernambucana,1
1158,nueva cancion,1
648,german indie folk,1
1163,nz dnb,1
1164,nz folk,1
1165,nz gangsta rap,1
641,german baroque,1
1169,nz singer-songwriter,1
633,gambian hip hop,1
632,galician folk,1
1140,norwegian house,1
1136,norwegian contemporary jazz,1
1135,norwegian alternative rock,1
1120,noise pop,1
1101,new beat,1
1102,new delhi indie,1
691,grunge,1
1111,new wave of glam metal,1
689,grime brasileiro,1
1118,nightcore,1
1123,nordic soundtrack,1
1134,northern soul,1
676,gotlandsk musik,1
1127,norsk lovsang,1
1130,norteno-sax,1
673,gospel singers,1
1132,north east england indie,1
672,gnawa,1
1019,mexican edm,1
755,indian electronic,1
1016,metalcore,1
952,light music,1
865,japanese vtuber,1
864,japanese viral pop,1
861,japanese ska,1
921,kurdish pop,1
922,kwaito,1
856,japanese garage rock,1
930,lata,1
935,latin house,1
936,latin jazz,1
845,j-punk,1
941,latintronica,1
942,latvian folk,1
833,italian tenor,1
832,italian tech house,1
830,italian progressive rock,1
912,korean mask singer,1
911,korean electropop,1
910,korean electronic,1
896,keroncong,1
883,k-rock,1
881,k-pop reality show,1
875,jumpstyle,1
874,jump up,1
894,kenyan drill,1
895,kenyan hip hop,1
872,jordanian pop,1
909,korean city pop,1
870,jazz trio,1
899,kindermusik,1
1,abstract beats,1
868,jazz boom bap,1
906,kodomo no ongaku,1
908,kora,1
951,libyan hip hop,1
954,liquid funk,1
1015,metal guitar,1
809,irish folk,1
990,maltese pop,1
991,maluku pop,1
993,man's orchestra,1
995,mande pop,1
776,indie rockism,1
998,manguebeat,1
1001,melanesian pop,1
767,indie garage rock,1
764,indie curitibano,1
761,indian rock,1
1006,melodic dubstep,1
1007,melodic hard rock,1
1008,melodic metalcore,1
760,indian lo-fi,1
756,indian folk,1
989,malaysian tamil pop,1
782,indiecoustica,1
984,malayalam hip hop,1
971,luk thung,1
962,lo-fi beats,1
964,lo-fi cover,1
965,lo-fi indie,1
966,lo-fi jazzhop,1
967,lo-fi product,1
805,indy indie,1
801,indonesian viral pop,1
786,indonesian emo rap,1
975,macedonian pop,1
977,magyar mulatos,1
978,magyar retro dance,1
792,indonesian indie pop,1
790,indonesian idol pop,1
982,malang indie,1
1176,old school dancehall,1
1177,old school hip hop,1
627,futuristic swag,1
365,cumbia amazonica,1
402,dancehall chileno,1
397,dalarna indie,1
1381,relaxative,1
1382,rhode island rap,1
389,czech singer-songwriter,1
384,czech metal,1
1387,rock alternatif francais,1
1391,rock nica,1
1392,rock uruguayo,1
1397,rogaland indie,1
378,cypriot hip hop,1
377,cyber metal,1
374,cumbia sonidera,1
373,cumbia santafesina,1
1408,rumba congolaise,1
1374,reggae maghreb,1
406,dangdut remix,1
411,danish indie pop,1
884,kabyle,1
431,deep breakcore,1
430,deep adult standards,1
429,deconstructed club,1
426,dark synthpop,1
1340,rap femenino mexicano,1
1341,rap feminino nacional,1
1344,rap guineen,1
412,danish metal,1
422,dark cabaret,1
1357,rap pernambucano,1
1360,rap romantico,1
417,danish singer-songwriter,1
1363,rap tico,1
1368,rap underground espanol,1
1409,rune folk,1
361,cuban alternative,1
436,deep german indie,1
359,crust punk,1
1468,semarang indie,1
319,classic soul,1
318,classic sierreno,1
317,classic schlager,1
310,classic opm,1
309,classic nz pop,1
307,classic moroccan pop,1
1482,shred,1
304,classic korean pop,1
303,classic kollywood,1
1490,sinhala pop,1
1492,ska jazz,1
293,classic girl group,1
1496,sleaze rock,1
1497,sleep,1
1466,scouse rap,1
1465,scottish techno,1
1464,scottish singer-songwriter,1
328,classical performance,1
356,croatian pop,1
355,cowboy western,1
1424,russian indie,1
344,contemporary vocal jazz,1
1442,sacramento hip hop,1
329,classical tenor,1
1450,salsa puertorriquena,1
1463,scottish rock,1
1453,samba,1
327,classical organ,1
1456,san diego rap,1
326,classical bass,1
325,classical,1
322,classic turkish pop,1
433,deep flow,1
443,deep soul house,1
1184,orchestral performance,1
1253,polish synthpop,1
584,folk punk,1
1222,pink noise,1
582,folk,1
581,folclor afrocolombiano,1
1227,pinoy indie rock,1
580,fnaf,1
577,flemish folk,1
574,flamenco fusion,1
1241,png pop,1
1242,poezja spiewana,1
561,finnish hard rock,1
560,finnish folk,1
559,finnish edm,1
556,finnish choir,1
1251,polish reggae,1
586,folk rock italiano,1
1218,peruvian hip hop,1
1217,perth indie,1
623,funky tech house,1
624,future bass,1
1187,oslo indie,1
1188,otacore,1
1189,ottawa rap,1
1191,outlaw country,1
1193,p funk,1
622,funky house,1
590,folklore uruguayo,1
614,funk melody,1
604,french shoegaze,1
602,french reggae,1
1204,pakistani rock,1
1210,paraguayan indie,1
597,fremantle indie,1
1252,polish rock,1
550,faroese pop,1
445,deep tech house,1
549,faroese indie,1
486,dutch blues,1
484,dusseldorf electronic,1
1299,psychokore,1
1300,puerto rican indie,1
483,dubstep,1
1302,puerto rican rock,1
1305,punk,1
1306,punk blues,1
472,dreamo,1
471,dream trance,1
468,drama,1
467,draga,1
1317,rai algerien,1
457,devon indie,1
450,desert blues,1
501,early music,1
1293,post-romantic era,1
1290,portuguese rock,1
530,epa dunk,1
1256,political hip hop,1
1258,pony,1
548,fake,1
547,fado,1
1261,pop catracho,1
546,experimental rock,1
1275,pop quebecois,1
504,eau claire indie,1
520,electrofox,1
518,electro swing,1
515,electro bailando,1
508,edmonton indie,1
1285,pop violin,1
505,ectofolk,1
0,a cappella,1
